Toronto, ON
Montreal, QC
Vancouver, BC
Calgary, AB
Edmonton, AB
Ottawa, ON
Mississauga, ON
Winnipeg, MB
Quebec City, QC
Hamilton, ON
Brampton, ON
Surrey, BC
Kitchener, ON
Laval, QC
Halifax, NS
London, ON
Victoria, BC
Markham, ON
St. Catharines, ON
Niagara Falls, ON
Vaughan, ON
Gatineau, QC
Windsor, ON
Saskatoon, SK
Longueuil, QC
Burnaby, BC
Regina, SK
Richmond, BC
Richmond Hill, ON
Oakville, ON
Burlington, ON
Barrie, ON
Oshawa, ON
Sherbrooke, QC
Saguenay, QC
Levis, QC
Kelowna, BC
Abbotsford, BC
Coquitlam, BC
Trois-Rivieres, QC
Guelph, ON
Cambridge, ON
Whitby, ON
Ajax, ON
Langley, BC
Saanich, BC
Terrebonne, QC
Milton, ON
St. John's, NL
Moncton, NB
Thunder Bay, ON
Dieppe, NB
Waterloo, ON
Delta, BC
Chatham, ON
Red Deer, AB
Kamloops, BC
Brantford, ON
Cape Breton, NS
Lethbridge, AB
Saint-Jean-sur-Richelieu, QC
Clarington, ON
Pickering, ON
Nanaimo, BC
Sudbury, ON
North Vancouver, BC
Brossard, QC
Repentigny, QC
Newmarket, ON
Chilliwack, BC
White Rock, BC
Maple Ridge, BC
Peterborough, ON
Kawartha Lakes, ON
Prince George, BC
Sault Ste. Marie, ON
Sarnia, ON
Wood Buffalo, AB
New Westminster, BC
Chateauguay, QC
Saint-Jerome, QC
Drummondville, QC
Saint John, NB
Caledon, ON
St. Albert, AB
Granby, QC
Medicine Hat, AB
Grande Prairie, AB
St. Thomas, ON
Airdrie, AB
Halton Hills, ON
Saint-Hyacinthe, QC
Lac-Brome, QC
Port Coquitlam, BC
Fredericton, NB
Blainville, QC
Aurora, ON
Welland, ON
North Bay, ON
Beloeil, QC
Belleville, ON
Mirabel, QC
Shawinigan, QC
Dollard-des-Ormeaux, QC
Brandon, MB
Rimouski, QC
Cornwall, ON
Stouffville, ON
Georgina, ON
Victoriaville, QC
Vernon, BC
Duncan, BC
Saint-Eustache, QC
Quinte West, ON
Charlottetown, PE
Mascouche, QC
West Vancouver, BC
Salaberry-de-Valleyfield, QC
Rouyn-Noranda, QC
Timmins, ON
Sorel-Tracy, QC
New Tecumseth, ON
Woodstock, ON
Boucherville, QC
Mission, BC
Vaudreuil-Dorion, QC
Brant, ON
Lakeshore, ON
Innisfil, ON
Prince Albert, SK
Langford Station, BC
Bradford West Gwillimbury, ON
Campbell River, BC
Spruce Grove, AB
Moose Jaw, SK
Penticton, BC
Port Moody, BC
Leamington, ON
East Kelowna, BC
Cote-Saint-Luc, QC
Val-dOr, QC
Owen Sound, ON
Stratford, ON
Lloydminster, SK
Pointe-Claire, QC
Orillia, ON
Alma, QC
Orangeville, ON
Fort Erie, ON
LaSalle, ON
Sainte-Julie, QC
Leduc, AB
North Cowichan, BC
Chambly, QC
Okotoks, AB
Sept-Iles, QC
Centre Wellington, ON
Saint-Constant, QC
Grimsby, ON
Boisbriand, QC
Conception Bay South, NL
Saint-Bruno-de-Montarville, QC
Sainte-Therese, QC
Cochrane, AB
Thetford Mines, QC
Courtenay, BC
Magog, QC
Whitehorse, YT
Woolwich, ON
Clarence-Rockland, ON
Fort Saskatchewan, AB
East Gwillimbury, ON
Lincoln, ON
La Prairie, QC
Tecumseh, ON
Mount Pearl Park, NL
Amherstburg, ON
Saint-Lambert, QC
Brockville, ON
Collingwood, ON
Scugog, ON
Kingsville, ON
Baie-Comeau, QC
Paradise, NL
Uxbridge, ON
Essa, ON
Candiac, QC
Oro-Medonte, ON
Varennes, QC
Strathroy-Caradoc, ON
Wasaga Beach, ON
New Glasgow, NS
Wilmot, ON
Essex, ON
Fort St. John, BC
Kirkland, QC
LAssomption, QC
Westmount, QC
Saint-Lazare, QC
Chestermere, AB
Huntsville, ON
Corner Brook, NL
Riverview, NB
Lloydminster, AB
Joliette, QC
Yellowknife, NT
Squamish, BC
Mont-Royal, QC
Riviere-du-Loup, QC
Cobourg, ON
Cranbrook, BC
Beaconsfield, QC
Springwater, ON
Dorval, QC
Thorold, ON
Camrose, AB
South Frontenac, ON
Pitt Meadows, BC
Port Colborne, ON
Quispamsis, NB
Mont-Saint-Hilaire, QC
Bathurst, NB
Saint-Augustin-de-Desmaures, QC
Oak Bay, BC
Sainte-Marthe-sur-le-Lac, QC
Salmon Arm, BC
Port Alberni, BC
Esquimalt, BC
Deux-Montagnes, QC
Miramichi, NB
Niagara-on-the-Lake, ON
Saint-Lin--Laurentides, QC
Beaumont, AB
Middlesex Centre, ON
Inverness, NS
Stony Plain, AB
Petawawa, ON
Pelham, ON
Selwyn, ON
Loyalist, ON
Midland, ON
Colwood, BC
Central Saanich, BC
Sainte-Catherine, QC
Port Hope, ON
LAncienne-Lorette, QC
Saint-Basile-le-Grand, QC
Swift Current, SK
Edmundston, NB
Russell, ON
North Grenville, ON
Yorkton, SK
Tracadie, NB
Bracebridge, ON
Greater Napanee, ON
Tillsonburg, ON
Steinbach, MB
Hanover, MB
Terrace, BC
Springfield, MB
Gaspe, QC
Kenora, ON
Cold Lake, AB
Summerside, PE
Comox, BC
Sylvan Lake, AB
Pincourt, QC
West Lincoln, ON
Matane, QC
Brooks, AB
Sainte-Anne-des-Plaines, QC
West Nipissing - Nipissing Ouest, ON
Rosemere, QC
Mistassini, QC
Grand Falls, NL
Clearview, ON
St. Clair, ON
Canmore, AB
North Battleford, SK
Pembroke, ON
Mont-Laurier, QC
Strathmore, AB
Saugeen Shores, ON
Thompson, MB
Lavaltrie, QC
High River, AB
Severn, ON
Sainte-Sophie, QC
Saint-Charles-Borromee, QC
Portage La Prairie, MB
Thames Centre, ON
Mississippi Mills, ON
Powell River, BC
South Glengarry, ON
North Perth, ON
Mercier, QC
South Stormont, ON
Saint-Colomban, QC
Lacombe, AB
Sooke, BC
Dawson Creek, BC
Lake Country, BC
Trent Hills, ON
Sainte-Marie, QC
Guelph - Eramosa, ON
Truro, NS
Amos, QC
The Nation - La Nation, ON
Ingersoll, ON
Winkler, MB
Wetaskiwin, AB
Central Elgin, ON
Lachute, QC
West Grey, ON
Parksville, BC
Cowansville, QC
Becancour, QC
Gravenhurst, ON
Perth East, ON
Prince Rupert, BC
Prevost, QC
Sainte-Adele, QC
Kentville, NS
Beauharnois, QC
Les Iles-de-la-Madeleine, QC
Wellington North, ON
St. Andrews, MB
Carleton Place, ON
Whistler, BC
Brighton, ON
Tiny, ON
Gander, NL
Sidney, BC
Rothesay, NB
Brock, ON
Summerland, BC
Val-des-Monts, QC
Tache, MB
Montmagny, QC
Erin, ON
Kincardine, ON
North Dundas, ON
Wellesley, ON
Estevan, SK
North Saanich, BC
Warman, SK
La Tuque, QC
Norwich, ON
Meaford, ON
Adjala-Tosorontio, ON
Hamilton Township, ON
St. Clements, MB
Saint-Amable, QC
Weyburn, SK
South Dundas, ON
LIle-Perrot, QC
Notre-Dame-de-l'Ile-Perrot, QC
Williams Lake, BC
Elliot Lake, ON
Cantley, QC
Nelson, BC
Lambton Shores, ON
Mapleton, ON
Georgian Bluffs, ON
Rawdon, QC
Campbellton, NB
View Royal, BC
Coldstream, BC
Chester, NS
Queens, NS
Selkirk, MB
Saint-Felicien, QC
Hawkesbury, ON
Roberval, QC
Sainte-Agathe-des-Monts, QC
North Dumfries, ON
Rideau Lakes, ON
Sechelt, BC
North Glengarry, ON
South Huron, ON
Marieville, QC
Tay, ON
Temiskaming Shores, ON
Hinton, AB
Saint-Sauveur, QC
Quesnel, BC
Elizabethtown-Kitley, ON
Morinville, AB
Grey Highlands, ON
Stratford, PE
Alfred and Plantagenet, ON
Mont-Tremblant, QC
Martensville, SK
Saint-Raymond, QC
Amherst, NS
Ramara, ON
Bois-des-Filion, QC
Leeds and the Thousand Islands, ON
Carignan, QC
Brockton, ON
Laurentian Valley, ON
East St. Paul, MB
Lorraine, QC
Sainte-Julienne, QC
Blackfalds, AB
Malahide, ON
Oromocto, NB
Olds, AB
Huron East, ON
Stanley, MB
Penetanguishene, ON
Qualicum Beach, BC
Notre-Dame-des-Prairies, QC
West Perth, ON
Cavan Monaghan, ON
Arnprior, ON
Smiths Falls, ON
Pont-Rouge, QC
Champlain, ON
Coaticook, QC
Minto, ON
Morden, MB
Mono, ON
Corman Park, SK
Ladysmith, BC
Bridgewater, NS
Dauphin, MB
Otterburn Park, QC
Taber, AB
South Bruce Peninsula, ON
Edson, AB
Farnham, QC
Kapuskasing, ON
La Malbaie, QC
Renfrew, ON
Coaldale, AB
Portugal Cove-St. Philip's, NL
Zorra, ON
Kitimat, BC
Shelburne, ON
Happy Valley, NL
Saint-Hippolyte, QC
Castlegar, BC
Church Point, NS
Drumheller, AB
Kirkland Lake, ON
Argyle, NS
Torbay, NL
La Peche, QC
Banff, AB
Innisfail, AB,
Nicolet, QC,
Rockwood, MB,
Drummond-North Elmsley, ON,
Dryden, ON,
Iqaluit, NU,
Fort Frances, ON,
La Sarre, QC,
Trail, BC,
Chandler, QC,
Stone Mills, ON,
Hanover, ON,
South-West Oxford, ON,
Acton Vale, QC,
Bromont, QC,
Beckwith, ON,
Goderich, ON,
Plympton-Wyoming, ON,
Central Huron, ON,
Rigaud, QC,
Louiseville, QC,
Chibougamau, QC,
Aylmer, ON,
Delson, QC,
Kimberley, BC,
Blandford-Blenheim, ON,
Bayham, ON,
Augusta, ON,
Puslinch, ON,
Beauport, QC,
Saint-Remi, QC,
St. Marys, ON,
Drayton Valley, AB,
Ponoka, AB,
Labrador City, NL,
Donnacona, QC,
Southgate, ON,
McNab-Braeside, ON,
Macdonald, MB,
Hampstead, QC,
Baie-Saint-Paul, QC,
Merritt, BC,
Bluewater, ON,
East Zorra-Tavistock, ON,
Brownsburg, QC,
Stoneham-et-Tewkesbury, QC,
Asbestos, QC,
Huron-Kinloss, ON,
Coteau-du-Lac, QC,
The Blue Mountains, ON,
Whitewater Region, ON,
Edwardsburgh-Cardinal, ON,
Sainte-Anne-des-Monts, QC,
Old Chelsea, QC,
North Stormont, ON,
Alnwick-Haldimand, ON,
Peace River, AB,
Arran-Elderslie, ON,
Saint-Zotique, QC,
Val-Shefford, QC,
Douro-Dummer, ON,
Plessisville, QC,
Ritchot, MB,
Otonabee-South Monaghan, ON,
Shediac, NB,
Slave Lake, AB,
Port-Cartier, QC,
Saint-Lambert-de-Lauzon, QC,
Barrington, NS,
Rocky Mountain House, AB,
Chatsworth, ON,
Stephenville, NL,
Muskoka Falls, ON,
Devon, AB,
Yarmouth, NS,
Boischatel, QC,
Parry Sound, ON,
Pointe-Calumet, QC,
Beaubassin East - Beaubassin-est, NB,
Wainfleet, ON,
Cramahe, ON,
Beauceville, QC,
North Middlesex, ON,
Amqui, QC,
Sainte-Catherine-de-la-Jacques-Cartier, QC,
Clarenville, NL,
Mont-Joli, QC,
Dysart et al, ON,
Wainwright, AB,
Contrecoeur, QC,
Beresford, NB,
Saint-Joseph-du-Lac, QC,
Hope, BC,
Gimli, MB,
Douglas, NB,
Saint-Apollinaire, QC,
Hindon Hill, ON,
Les Cedres, QC,
La Broquerie, MB,
Kent, BC,
Tweed, ON,
Saint-Felix-de-Valois, QC,
Bay Roberts, NL,
Melfort, SK,
Bonnyville, AB,
Stettler, AB,
Saint-Calixte, QC,
Lac-Megantic, QC,
Perth, ON,
Oliver Paipoonge, ON,
Humboldt, SK,
Charlemagne, QC,
Pontiac, QC,
St. Paul, AB,
Petrolia, ON,
Southwest Middlesex, ON,
Front of Yonge, ON,
Vegreville, AB,
Sainte-Brigitte-de-Laval, QC,
Princeville, QC,
Vercheres, QC,
The Pas, MB,
Saint-Cesaire, QC,
La Ronge, SK,
Tay Valley, ON,
South Bruce, ON,
McMasterville, QC,
Redcliff, AB,
Crowsnest Pass, AB,
Saint-Philippe, QC,
Richelieu, QC,
Notre-Dame-du-Mont-Carmel, QC,
L'Ange-Gardien, QC,
Sainte-Martine, QC,
Saint-Pie, QC,
Peachland, BC,
Ashfield-Colborne-Wawanosh, ON,
Trent Lakes, ON,
Northern Rockies, BC,
Cookshire, QC,
West St. Paul, MB,
Windsor, QC,
LEpiphanie, QC,
Creston, BC,
Smithers, BC,
Cornwall, PE,
Meadow Lake, SK,
Lanark Highlands, ON,
Sackville, NB,
Grand Falls, NB,
Cochrane, ON,
Marystown, NL,
Sioux Lookout, ON,
Didsbury, AB,
Saint-Honore, QC,
Fernie, BC,
Deer Lake, NL,
Woodstock, NB,
Val-David, QC,
Flin Flon, SK,
Hudson, QC,
Gananoque, ON,
Brokenhead, MB,
Saint-Paul, QC,
Burton, NB,
Spallumcheen, BC,
Westlock, AB,
Temiscouata-sur-le-Lac, QC,
Shannon, QC,
Osoyoos, BC,
Montreal-Ouest, QC,
Hearst, ON,
Saint-Henri, QC,
Ste. Anne, MB,
Antigonish, NS,
Espanola, ON,
West Elgin, ON,
Flin Flon (Part), MB,
Grand Bay-Westfield, NB,
Sainte-Anne-de-Bellevue, QC,
North Huron, ON,
Oliver, BC,
Saint-Roch-de-l'Achigan, QC,
Stirling-Rawdon, ON,
Chisasibi, QC,
Carbonear, NL,
Saint Marys, NB,
Chertsey, QC,
Armstrong, BC,
Stonewall, MB,
Shippagan, NB,
Lanoraie, QC,
Memramcook, NB,
Centre Hastings, ON,
Warwick, QC,
East Ferris, ON,
Hanwell, NB,
Saint-Joseph-de-Beauce, QC,
Metchosin, BC,
Lucan Biddulph, ON,
Riviere-Rouge, QC,
Greenstone, ON,
Saint-Mathias-sur-Richelieu, QC,
Neepawa, MB,
Gibsons, BC,
Kindersley, SK,
Jasper, AB,
Barrhead, AB,
Les Coteaux, QC,
Melville, SK,
Saint-Germain-de-Grantham, QC,
Iroquois Falls, ON,
Havelock-Belmont-Methuen, ON,
Cornwallis, MB,
Saint-Boniface, QC,
Edenwold, SK,
Coverdale, NB,
Vanderhoof, BC,
Southwold, ON,
Goulds, NL,
Saint Stephen, NB,
Waterloo, QC,
Nipawin, SK,
Neuville, QC,
Saint-Cyrille-de-Wendover, QC,
Central Frontenac, ON,
Mont-Orford, QC,
Saint-Jean-de-Matha, QC,
Seguin, ON,
Tyendinaga, ON,
Hampton, NB,
Sussex, NB,
Grand Forks, BC,
La Pocatiere, QC,
Caraquet, NB,
Saint-Etienne-des-Gres, QC,
Altona, MB,
Stellarton, NS,
Wolfville, NS,
New Maryland, NB,
Port Hardy, BC,
Saint-Donat, QC,
Chateau-Richer, QC,
Madawaska Valley, ON,
Deep River, ON,
Asphodel-Norwood, ON,
Red Lake, ON,
Metabetchouan-Lac-a-la-Croix, QC,
Berthierville, QC,
Vermilion, AB,
Niverville, MB,
Hastings Highlands, ON,
Carstairs, AB,
Danville, QC,
Channel-Port aux Basques, NL,
Battleford, SK,
Lac-Etchemin, QC,
Saint-Antonin, QC,
Saint-Jacques, QC,
Swan River, MB,
Sutton, QC,
Northern Bruce Peninsula, ON,
LIslet-sur-Mer, QC,
Carleton-sur-Mer, QC,
Oka, QC,
Prescott, ON,
Amaranth, ON,
Marmora and Lake, ON,
Maniwaki, QC,
Morin-Heights, QC,
Dundas, NB,
Napierville, QC,
Crabtree, QC,
Bancroft, ON,
Saint-Tite, QC,
Howick, ON,
Dutton-Dunwich, ON,
Callander, ON,
Simonds, NB,
Baie-dUrfe, QC,
New Richmond, QC,
Perth South, ON,
Roxton Pond, QC,
Sparwood, BC,
Claresholm, AB,
Breslau, ON,
Montague, ON,
Cumberland, BC,
Beaupre, QC,
Saint-Andre-Avellin, QC,
Saint-Ambroise-de-Kildare, QC,
East Angus, QC,
Rossland, BC,
Mackenzie, BC,
Golden, BC,
Raymond, AB,
Saint-Adolphe-d'Howard, QC,
Warwick, ON,
Bowen Island, BC,
Bonnechere Valley, ON,
Windsor, NS,
Pincher Creek, AB,
Alnwick, NB,
Westville, NS,
Fruitvale, BC,
Pasadena, NL,
Saint-Prosper, QC,
Ormstown, QC,
Cardston, AB,
Westbank, BC,
De Salaberry, MB,
Headingley, MB,
Grande Cache, AB,
Atholville, NB,
Saint-Agapit, QC,
Prince Albert, SK,
Casselman, ON,
Saint-Ambroise, QC,
Hay River, NT,
Mistissini, QC,
Studholm, NB,
Lumby, BC,
Saint-Faustin--Lac-Carre, QC,
Morris-Turnberry, ON,
Placentia, NL,
Saint-Pascal, QC,
Mulmur, ON,
Blind River, ON,
Dunham, QC,
Havre-Saint-Pierre, QC,
Saint-Anselme, QC,
Trois-Pistoles, QC,
Grande-Riviere, QC,
Powassan, ON,
Malartic, QC,
Bonavista, NL,
Killarney - Turtle Mountain, MB,
Woodlands, MB,
Lewisporte, NL,
Saint-Denis-de-Brompton, QC,
Invermere, BC,
Salisbury, NB,
Bifrost-Riverton, MB,
Buckland, SK,
Cartier, MB,
Sainte-Anne-des-Lacs, QC,
Highlands East, ON,
Alexander, MB,
Sainte-Claire, QC,
Perce, QC,
Saint-Jean-Port-Joli, QC,
East Hawkesbury, ON,
Bright, NB,
Penhold, AB,
Saint-Andre-d'Argenteuil, QC,
Saint-Come--Liniere, QC,
Saint-Sulpice, QC,
Marathon, ON,
Forestville, QC,
Inuvik, NT,
Richmond, QC,
Lake Cowichan, BC,
Sables-Spanish Rivers, ON,
Hillsburg-Roblin-Shell River, MB,
Port Hawkesbury, NS,
Three Hills, AB,
Lorette, MB,
Paspebiac, QC,
Saint-Thomas, QC,
Saint-Jean-Baptiste, QC,
Portneuf, QC,
Pictou, NS,
Tisdale, SK,
Lake of Bays, ON,
High Level, AB,
Gibbons, AB,
Bishops Falls, NL,
WestLake-Gladstone, MB,
Normandin, QC,
Saint-Alphonse-Rodriguez, QC,
Beausejour, MB,
Dalhousie, NB,
Saint-Alphonse-de-Granby, QC,
Lac du Bonnet, MB,
Clermont, QC,
Virden, MB,
Compton, QC,
White City, SK,
Ellison, BC,
Mont-Saint-Gregoire, QC,
Wellington, NB,
Merrickville, ON,
Saint-Liboire, QC,
Degelis, QC,
Morris, MB,
Saint-Alexis-des-Monts, QC,
Cap-Saint-Ignace, QC,
Saint-Anaclet-de-Lessard, QC,
Carman, MB,
Athens, ON,
Melancthon, ON,
Cap Sante, QC,
Harbour Grace, NL,
Houston, BC,
Adelaide-Metcalfe, ON,
Crossfield, AB,
Springdale, NL,
Fort Macleod, AB,
Athabasca, AB,
Enderby, BC,
Saint-Ferreol-les-Neiges, QC,
Laurentian Hills, ON,
Grand Valley, ON,
Senneterre, QC,
Sainte-Marie-Madeleine, QC,
Admaston - Bromley, ON,
Saint-Gabriel-de-Valcartier, QC,
North Algona Wilberforce, ON,
Kingston, NB,
Wawa, ON,
Saint-Christophe-d'Arthabaska, QC,
Sainte-Melanie, QC,
Ascot Corner, QC,
Horton, ON,
Saint-Michel, QC,
Botwood, NL,
Saint-Paul-d'Abbotsford, QC,
Saint-Marc-des-Carrieres, QC,
Stanstead, QC,
Sainte-Anne-de-Beaupre, QC,
Sainte-Luce, QC,
Saint-Gabriel, QC,
Rankin Inlet, NU,
Vanscoy, SK,
Cedar, BC,
Princeton, BC,
La Loche, SK,
Kingsclear, NB,
Ferme-Neuve, QC,
Thurso, QC,
Adstock, QC,
Shuniah, ON,
Enniskillen, ON,
Yamachiche, QC,
Saint-Maurice, QC,
Bonaventure, QC,
Val-Morin, QC,
Pohenegamook, QC,
Wakefield, NB,
Stoke, QC,
Sainte-Marguerite-du-Lac-Masson, QC,
Saint-Prime, QC,
Kuujjuaq, QC,
Atikokan, ON,
Grenville-sur-la-Rouge, QC,
North Cypress-Langford, MB,
Sainte-Anne-de-Sorel, QC,
Macamic, QC,
Sundre, AB,
Rougemont, QC,
Piedmont, QC,
Grimshaw, AB,
Lac-des-Ecorces, QC,
Northeastern Manitoulin and the Islands, ON,
Pelican Narrows, SK,
McDougall, ON,
Black Diamond, AB,
Saint-Pamphile, QC,
Bedford, QC,
Weedon-Centre, QC,
Lacolle, QC,
Saint-Gabriel-de-Brandon, QC,
Errington, BC,
Coalhurst, AB,
French River - Riviere des Francais, ON,
Arviat, NU,
Saint-David-de-Falardeau, QC,
Markstay, ON,
Spaniards Bay, NL,
Cocagne, NB,
Saint-Bruno, QC,
Chetwynd, BC,
Laurier-Station, QC,
Saint-Anicet, QC,
Saint-Mathieu-de-Beloeil, QC,
Cap-Chat, QC,
Sexsmith, AB,
Notre-Dame-de-Lourdes, QC,
Ville-Marie, QC,
Saint-Isidore, QC,
Shippegan, NB,
East Garafraxa, ON,
Pemberton, BC,
Unity, SK,
Rimbey, AB,
High Prairie, AB,
Turner Valley, AB,
Hanna, AB,
Fort Smith, NT,
Maria, QC,
Saint-Chrysostome, QC,
Greater Madawaska, ON,
Berwick, NS,
Saint-Damase, QC,
Lincoln, NB,
Disraeli, QC,
Sainte-Victoire-de-Sorel, QC,
Meadow Lake, SK,
Elkford, BC,
Georgian Bay, ON,
Saint-Alexandre, QC,
Herbertville, QC,
Moosomin, SK,
North Kawartha, ON,
Sainte-Thecle, QC,
Trenton, NS,
Fermont, QC,
Esterhazy, SK,
Wickham, QC,
La Presentation, QC,
Beaverlodge, AB,
Sainte-Catherine-de-Hatley, QC,
Saint-Basile, QC,
Saint-Raphael, QC,
Holyrood, NL,
Gracefield, QC,
Saint-Martin, QC,
Causapscal, QC,
Brigham, QC,
Perry, ON,
Port-Daniel--Gascons, QC,
Rosetown, SK,
Minnedosa, MB,
Labelle, QC,
Huntingdon, QC,
Hebertville, QC,
Black River-Matheson, ON,
Saint-Michel-des-Saints, QC,
Dufferin, MB,
Saint-Victor, QC,
Sicamous, BC,
Cap Pele, NB,
Kelsey, MB,
Killaloe, Hagarty and Richards, ON,
Alvinston, ON,
Dundurn, SK,
Saint-Ephrem-de-Beauce, QC,
Assiniboia, SK,
Temiscaming, QC,
Magrath, AB,
Sainte-Genevieve-de-Berthier, QC,
Buctouche, NB,
Grand Manan, NB,
Sainte-Madeleine, QC,
Boissevain, MB,
Scott, QC,
Sainte-Croix, QC,
Algonquin Highlands, ON,
Valcourt, QC,
Saint George, NB,
Paquetville, NB,
Saint-Dominique, QC,
Clearwater, BC,
Addington Highlands, ON,
Lillooet, BC,
Burin, NL,
Grand Bank, NL,
Lery, QC,
Minto, NB,
Rosthern, SK,
Chase, BC,
Mansfield-et-Pontefract, QC,
Saint-Denis, QC,
Outlook, SK,
Mitchell, MB,
Saint-Gedeon-de-Beauce, QC,
Saint-Leonard-d'Aston, QC,
Lunenburg, NS,
Northesk, NB,
Albanel, QC,
St. Anthony, NL,
Pessamit, QC,
Maskinonge, QC,
Saint-Charles-de-Bellechasse, QC,
Fogo Island, NL,
East Broughton, QC,
Lantz, NS,
Calmar, AB,
Highlands, BC,
Saint-Polycarpe, QC,
Logy Bay-Middle Cove-Outer Cove, NL,
Deschambault, QC,
Canora, SK,
Upper Miramichi, NB,
Anmore, BC,
Hardwicke, NB,
Saint-Come, QC,
Waskaganish, QC,
Twillingate, NL,
Saint-Quentin, NB,
Lebel-sur-Quevillon, QC,
Pilot Butte, SK,
Nanton, AB,
Pierreville, QC,
New-Wes-Valley, NL,
Pennfield Ridge, NB,
West Interlake, MB,
Biggar, SK,
Britannia, SK,
Kent, NB,
Wabana, NL,
Saint-Gilles, QC,
Wendake, QC,
Saint-Bernard, QC,
Sainte-Cecile-de-Milton, QC,
Saint-Roch-de-Richelieu, QC,
Saint-Nazaire, QC,
Saint-Elzear, QC,
Hinchinbrooke, QC,
Saint-Francois-Xavier-de-Brompton, QC,
Papineauville, QC,
Prairie View, MB,
Cowichan Bay, BC,
Saint-Ignace-de-Loyola, QC,
Central Manitoulin, ON,
Maple Creek, SK,
Glovertown, NL,
Tofield, AB,
Madoc, ON,
Upton, QC,
Sainte-Anne-de-Sabrevois, QC,
Logan Lake, BC,
Sainte-Anne-de-la-Perade, QC,
Saint-Damien-de-Buckland, QC,
Baker Lake, NU,
Saltair, BC,
Pouch Cove, NL,
Saint-Ferdinand, QC,
Port McNeill, BC,
Digby, NS,
Manouane, QC,
Saint-Gervais, QC,
Neebing, ON,
Redwater, AB,
Saint-Alexandre-de-Kamouraska, QC,
Saint-Marc-sur-Richelieu, QC,
Mandeville, QC,
Caplan, QC,
Point Edward, ON,
Allardville, NB,
Waterville, QC,
Saint-Damien, QC,
Lac-Nominingue, QC,
Obedjiwan, QC,
Rama, SK,
McCreary, MB,
Deloraine-Winchester, MB,
Oakland-Wawanesa, MB,
Brenda-Waskada, MB,
Russell-Binscarth, MB,
Ellice-Archie, MB,
Souris-Glenwood, MB,
Riverdale, MB,
Pembina, MB,
Wallace-Woodworth, MB,
Lorne, MB,
Ethelbert, MB,
Yellowhead, MB,
Swan Valley West, MB,
Grey, MB,
Gilbert Plains, MB,
Norfolk-Treherne, MB,
Hamiota, MB,
Emerson-Franklin, MB,
Sifton, MB,
Rossburn, MB,
Grand View, MB,
Grassland, MB,
Louise, MB,
Ste. Rose, MB,
Cartwright-Roblin, MB,
Mossey River, MB,
Lakeshore, MB,
Riding Mountain West, MB,
Clanwilliam-Erickson, MB,
Glenboro-South Cypress, MB,
North Norfolk, MB,
Reinland, MB,
Minitonas-Bowsman, MB,
Kippens, NL,
Blucher, SK,
Hatley, QC,
Saint-Gedeon, QC,
Kingsey Falls, QC,
Provost, AB,
Saint-Charles, NB,
Mattawa, ON,
Tumbler Ridge, BC,
Terrasse-Vaudreuil, QC,
L'Ascension-de-Notre-Seigneur, QC,
Bow Island, AB,
Barraute, QC,
One Hundred Mile House, BC,
Kedgwick, NB,
Gambo, NL,
Saint-Liguori, QC,
Bonfield, ON,
Pointe-Lebel, QC,
Saint Mary, NB,
Saint-Patrice-de-Sherrington, QC,
Fox Creek, AB,
Dawn-Euphemia, ON,
Chapleau, ON,
Saint-Esprit, QC,
Westfield Beach, NB,
Montague, PE,
Mashteuiatsh, QC,
Saint-Francois-du-Lac, QC,
Eel River Crossing, NB,
Saint-Fulgence, QC,
Millet, AB,
Vallee-Jonction, QC,
Saint-Georges-de-Cacouna, QC,
Lumsden, SK,
Manitouwadge, ON,
Wellington, ON,
Swift Current, SK,
Tofino, BC,
Fort QuAppelle, SK,
Vulcan, AB,
Indian Head, SK,
Petit Rocher, NB,
Wabush, NL,
Saint-Fabien, QC,
Watrous, SK,
North Frontenac, ON,
Lac-Superieur, QC,
Les Escoumins, QC,
Richibucto, NB,
Riviere-Beaudette, QC,
Saint-Barthelemy, QC,
Nisga'a, BC,
Austin, QC,
Saint-Mathieu, QC,
Saint-Paul-de-l'Ile-aux-Noix, QC,
Orkney, SK,
Behchoko, NT,
Saint-Joseph-de-Coleraine, QC,
Saint-Cyprien-de-Napierville, QC,
Sayabec, QC,
Valleyview, AB,
Deleage, QC,
Potton, QC,
Sainte-Beatrix, QC,
Sainte-Justine, QC,
Eastman, QC,
Saint-Valerien-de-Milton, QC,
Saint-Cuthbert, QC,
Saint-Blaise-sur-Richelieu, QC,
Middleton, NS,
Maugerville, NB,
Dalmeny, SK,
Kamsack, SK,
Lumsden, SK,
Trinity Bay North, NL,
Saint-Michel-de-Bellechasse, QC,
Sainte-Angele-de-Monnoir, QC,
Picture Butte, AB,
Sacre-Coeur-Saguenay, QC,
Saint-Louis, NB,
Victoria, NL,
Saint-Robert, QC,
Armstrong, MB,
Saint-Pierre-de-l'Ile-d'Orleans, QC,
La Guadeloupe, QC,
Saint Andrews, NB,
Burns Lake, BC,
Povungnituk, QC,
Manners Sutton, NB,
Gore, QC,
Deseronto, ON,
Lamont, AB,
Chambord, QC,
Dudswell, QC,
Wynyard, SK,
Cambridge Bay, NU,
Saint-Narcisse, QC,
Frontenac Islands, ON,
Waswanipi, QC,
Inukjuak, QC,
Piney, MB,
Komoka, ON,
Saint-Zacharie, QC,
Hemmingford, QC,
Shelburne, NS,
Saint-Clet, QC,
Carberry, MB,
Brighton, NB,
Saint-Antoine, NB,
Warfield, BC,
Northampton, NB,
Saint-Ours, QC,
Stephenville Crossing, NL,
Sainte-Anne-de-la-Pocatiere, QC,
Ucluelet, BC,
Saint-Placide, QC,
Barriere, BC,
Fisher, MB,
Nipissing, ON,
Sainte-Clotilde, QC,
Shaunavon, SK,
Wicklow, NB,
Southesk, NB,
Nouvelle, QC,
Rosthern, SK,
Yamaska, QC,
Neguac, NB,
Flat Rock, NL,
Igloolik, NU,
Grunthal, MB,
Naramata, BC,
Saint-Elie-de-Caxton, QC,
Blumenort, MB,
Balmoral, NB,
Price, QC,
Rosedale, MB,
Saint-Jacques-le-Mineur, QC,
Huron Shores, ON,
Champlain, QC,
Whitehead, MB,
Saint-Antoine-sur-Richelieu, QC,
Saint-Pacome, QC,
Saint-Stanislas-de-Kostka, QC,
Frontenac, QC,
Stuartburn, MB,
Yamaska-Est, QC,
Sainte-Emelie-de-l'Energie, QC,
Saint-Charles-sur-Richelieu, QC,
Saint-Joseph-de-Sorel, QC,
Nipigon, ON,
Riviere-Blanche, QC,
Sainte-Helene-de-Bagot, QC,
Franklin Centre, QC,
Harbour Breton, NL,
Massey Drive, NL,
Mille-Isles, QC,
Wilton, SK,
Lyster, QC,
Oakview, MB,
Balgonie, SK,
Harrison Park, MB,
Kensington, PE,
Witless Bay, NL,
Pond Inlet, NU,
Royston, BC,
Sainte-Clotilde-de-Horton, QC,
Burford, ON,
Fossambault-sur-le-Lac, QC,
Saint-Benoit-Labre, QC,
Coombs, BC,
Terrace Bay, ON,
Chapais, QC,
Saint-Honore-de-Shenley, QC,
Cleveland, QC,
Macdonald, Meredith and Aberdeen Additional, ON,
Messines, QC,
Saint-Jean-de-Dieu, QC,
Nakusp, BC,
Florenceville, NB,
Saint-Antoine-de-Tilly, QC,
Lakeview, BC,
Humbermouth, NL,
Fort St. James, BC,
Saint-Francois-de-la-Riviere-du-Sud, QC,
Saint-Jacques, NB,
Uashat, QC,
Perth, NB,
Eeyou Istchee Baie-James, QC,
Shellbrook, SK,
Shawville, QC,
Saint-Lucien, QC,
Lambton, QC,
Saint-Laurent-de-l'Ile-d'Orleans, QC,
Saint-Flavien, QC,
Grenville, QC,
Chute-aux-Outardes, QC,
Sainte-Marcelline-de-Kildare, QC,
Saint-Felix-de-Kingsey, QC,
Upper Island Cove, NL,
Glenelg, NB,
Sainte-Elisabeth, QC,
Ashcroft, BC,
Clarkes Beach, NL,
Saint-Bernard-de-Lacolle, QC,
Belledune, NB,
Saint-Guillaume, QC,
Venise-en-Quebec, QC,
Maliotenam, QC,
Ripon, QC,
Hilliers, BC,
Saint-Joseph, NB,
Saint-Paulin, QC,
Bon Accord, AB,
Saint David, NB,
Saint-Albert, QC,
Matagami, QC,
Springfield, NB,
Amherst, QC,
Notre-Dame-du-Laus, QC,
St. George, NB,
Wembley, AB,
Victoria, MB,
Springbrook, AB,
Saint-Tite-des-Caps, QC,
Hudson Bay, SK,
Pinawa, MB,
Brudenell, Lyndoch and Raglan, ON,
Carlyle, SK,
Keremeos, BC,
Val-Joli, QC,
Gold River, BC,
Saint-Casimir, QC,
Bay Bulls, NL,
Langham, SK,
Frenchman Butte, SK,
Gordon, NB,
Kugluktuk, NU,
Saint-Malachie, QC,
Southampton, NB,
Salluit, QC,
Pangnirtung, NU,
Saint-Louis-de-Gonzague, QC,
Moosonee, ON,
Englehart, ON,
Saint-Urbain, QC,
Tring-Jonction, QC,
Nauwigewauk, NB,
Pointe-a-la-Croix, QC,
Denmark, NB,
Saint-Joachim, QC,
Torch River, SK,
Saint-Theodore-d'Acton, QC,
Grindrod, BC,
L Isle-Verte, QC,
Harrison Hot Springs, BC,
Palmarolle, QC,
Henryville, QC,
Sussex Corner, NB,
Saint-Odilon-de-Cranbourne, QC,
Pipestone, MB,
Laurierville, QC,
La Dore, QC,
Lac-au-Saumon, QC,
Wotton, QC,
Prairie Lakes, MB,
Elk Point, AB,
Shellbrook, SK,
Wemindji, QC,
Cape Dorset, NU,
Strong, ON,
Lappe, ON,
Riviere-Heva, QC,
Fort-Coulonge, QC,
Irishtown-Summerside, NL,
Godmanchester, QC,
Macklin, SK,
Armour, ON,
Saint-Simon, QC,
St. Francois Xavier, MB,
Tingwick, QC,
Saint-Aubert, QC,
Saint-Mathieu-du-Parc, QC,
Wabasca, AB,
Ragueneau, QC,
Notre-Dame-du-Bon-Conseil, QC,
Wasagamack, MB,
Saint-Ubalde, QC,
Creighton, SK,
Fortune, NL,
Faraday, ON,
Berthier-sur-Mer, QC,
Frampton, QC,
Magnetawan, ON,
New Carlisle, QC,
Laird, SK,
Petitcodiac, NB,
Popkum, BC,
Norton, NB,
Canwood, SK,
Wentworth-Nord, QC,
Bas Caraquet, NB,
Sainte-Ursule, QC,
Dawson, YT,
Nantes, QC,
Lac-aux-Sables, QC,
Stewiacke, NS,
Taylor, BC,
Rosser, MB,
Estevan, SK,
Falmouth, NS,
Vaudreuil-sur-le-Lac, QC,
Grahamdale, MB,
Cardwell, NB,
Two Hills, AB,
Spiritwood, SK,
Legal, AB,
Amulet, QC,
Herouxville, QC,
Pointe-des-Cascades, QC,
Weldford, NB,
Reynolds, MB,
St. Laurent, MB,
Lions Bay, BC,
L'Isle-aux-Allumettes, QC,
Emo, ON,
Sainte-Brigide-d'Iberville, QC,
Les Eboulements, QC,
Dunsmuir, BC,
Pointe-aux-Outardes, QC,
Smooth Rock Falls, ON,
Oxbow, SK,
Telkwa, BC,
Gjoa Haven, NU,
Sainte-Barbe, QC,
Mayerthorpe, AB,
Saint-Louis-du-Ha! Ha!, QC,
Powerview-Pine Falls, MB,
Baie Verte, NL,
Saint-Edouard, QC,
Charlo, NB,
Hillsborough, NB,
Bruederheim, AB,
Burgeo, NL,
Wadena, SK,
Richmond, NB,
Swan Hills, AB,
Wilkie, SK,
Saint-Leonard, NB,
Riviere-Bleue, QC,
Noyan, QC,
Ile-a-la-Crosse, SK,
Landmark, MB,
Saint-Hugues, QC,
Chisholm, ON,
Sainte-Anne-du-Sault, QC,
La Conception, QC,
Saint-Valere, QC,
Sorrento, BC,
Lameque, NB,
Thessalon, ON,
L'Isle-aux-Coudres, QC,
Nobleford, AB,
Larouche, QC,
South Qu'Appelle, SK,
Elton, MB,
Lorrainville, QC,
Conestogo, ON,
Upham, NB,
St.-Charles, ON,
Sainte-Lucie-des-Laurentides, QC,
Saint-Alexis, QC,
Gillam, MB,
Roxton Falls, QC,
Montcalm, MB,
Clarendon, QC,
Mervin, SK,
Saint-Ludger, QC,
Coldwell, MB,
Saint-Arsene, QC,
Racine, QC,
Saint-Majorique-de-Grantham, QC,
Saint-Zenon, QC,
Saint-Armand, QC,
Saint-Edouard-de-Lotbiniere, QC,
Alonsa, MB,
Listuguj, QC,
Bowden, AB,
St. Joseph, ON,
Osler, SK,
Saint-Hubert-de-Riviere-du-Loup, QC,
Saint-Jude, QC,
Dildo, NL,
La Minerve, QC,
Lanigan, SK,
Lajord, SK,
Moonbeam, ON,
Notre-Dame-des-Pins, QC,
Saint-Alban, QC,
Saint-Pierre-les-Becquets, QC,
Arborg, MB,
Vauxhall, AB,
Bayfield, ON,
Beaver River, SK,
Irricana, AB,
Labrecque, QC,
New Bandon, NB,
Wemotaci, QC,
Sainte-Henedine, QC,
L'Anse-Saint-Jean, QC,
Bassano, AB,
Parrsboro, NS,
Kaleden, BC,
St. George's, NL,
Fort Simpson, NT,
Akwesasne, QC,
LAvenir, QC,
Ignace, ON,
Claremont, ON,
Teulon, MB,
Peel, NB,
Musquash, NB,
Notre-Dame-du-Portage, QC,
St. Lawrence, NL,
Oxford, NS,
Minto-Odanah, MB,
St. Alban's, NL,
Saint James, NB,
Saint-Norbert-d'Arthabaska, QC,
Manning, AB,
Glenella-Lansdowne, MB,
Saint-Hilarion, QC,
Saint-Simeon, QC,
Saint-Barnabe, QC,
Sainte-Felicite, QC,
Two Borders, MB,
Queensbury, NB,
Bury, QC,
Lac-Bouchette, QC,
Saint-Lazare-de-Bellechasse, QC,
Saint-Michel-du-Squatec, QC,
Saint-Joachim-de-Shefford, QC,
St-Pierre-Jolys, MB,
Grand-Remous, QC,
Saint-Gabriel-de-Rimouski, QC,
Armstrong, ON,
Rogersville, NB,
Langenburg, SK,
Sainte-Marie-Salome, QC,
Moose Jaw, SK,
Saint-Cyprien, QC,
Maidstone, SK,
Tres-Saint-Sacrement, QC,
Battle River, SK,
Miltonvale Park, PE,
McAdam, NB,
Saints-Anges, QC,
Saint-Urbain-Premier, QC,
Centreville-Wareham-Trinity, NL,
Alberton, PE,
Winnipeg Beach, MB,
Sainte-Agathe-de-Lotbiniere, QC,
Salmo, BC,
Kipling, SK,
Sagamok, ON,
Trecesson, QC,
Tara, ON,
Grande-Vallee, QC,
Bertrand, NB,
Newcastle, NB,
Mont-Carmel, QC,
Saint Martins, NB,
Saint-Eugene, QC,
Notre-Dame-des-Neiges, QC,
Saint-Andre, NB,
Centreville, NS,
Roland, MB,
Saint-Leon-de-Standon, QC,
Saint-Modeste, QC,
Carnduff, SK,
Carling, ON,
Eckville, AB,
Nain, NL,
Hillsburgh, ON,
Foam Lake, SK,
Sainte-Sabine, QC,
Saint-Maxime-du-Mont-Louis, QC,
Blanc-Sablon, QC,
Cobalt, ON,
Gravelbourg, SK,
South River, ON,
Hudson Bay, SK,
McKellar, ON,
Frelighsburg, QC,
Buffalo Narrows, SK,
Ayers Cliff, QC,
Les Mechins, QC,
Sainte-Marguerite, QC,
Saint-Claude, QC,
Air Ronge, SK,
Chipman, NB,
Girardville, QC,
Saint-Bruno-de-Guigues, QC,
Grenfell, SK,
Dorchester, NB,
South Algonquin, ON,
Windermere, BC,
Saint-Narcisse-de-Beaurivage, QC,
Saint-Rene-de-Matane, QC,
Sainte-Jeanne-d'Arc, QC,
Plaisance, QC,
Roxton-Sud, QC,
St. Louis, SK,
Youbou, BC,
Duchess, AB,
Saint-Frederic, QC,
Viking, AB,
Sioux Narrows-Nestor Falls, ON,
Whitecourt, AB,
Repulse Bay, NU,
Montreal-Est, QC,
King, ON,
Regina Beach, SK,
Saint-Patrice-de-Beaurivage, QC,
Ootischenia, BC,
Hensall, ON,
Bentley, AB,
Durham, NB,
Sainte-Marthe, QC,
Notre-Dame-du-Nord, QC,
Pinehouse, SK,
Saint-Aime-des-Lacs, QC,
Lac-Drolet, QC,
Preeceville, SK,
Maple Creek, SK,
Harbour Main-Chapel's Cove-Lakeview, NL,
Saint-Wenceslas, QC,
Weyburn, SK,
Birch Hills, SK,
Wedgeport, NS,
Kerrobert, SK,
Havelock, NB,
Eston, SK,
Sainte-Genevieve-de-Batiscan, QC,
Saint-Justin, QC,
Saint-Norbert, QC,
Schreiber, ON,
Trochu, AB,
Botsford, NB,
Riviere-Ouelle, QC,
Greenwich, NB,
Stukely-Sud, QC,
Saint-Georges-de-Clarenceville, QC,
Sainte-Therese-de-Gaspe, QC,
Beachburg, ON,
Desbiens, QC,
Clyde River, NU,
La Macaza, QC,
Souris, PE,
Kindersley, SK,
Laird, ON,
Falher, AB,
Saint-Vallier, QC,
Coleraine, QC,
Melita, MB,
Noonan, NB,
Sainte-Petronille, QC,
Delisle, SK,
Bristol, QC,
Mahone Bay, NS,
Waldheim, SK,
Saint-Sylvestre, QC,
Taloyoak, NU,
Onoway, AB,
Saint-Stanislas, QC,
Malpeque, PE,
Plantagenet, ON,
Longue-Rive, QC,
Argyle, MB,
Davidson, SK,
Plaster Rock, NB,
Wilmot, NB,
Valemount, BC,
Saint-Leonard-de-Portneuf, QC,
Alberta Beach, AB,
Saint-Narcisse-de-Rimouski, QC,
Saint-Bonaventure, QC,
Longlaketon, SK,
Papineau-Cameron, ON,
Assiginack, ON,
Brebeuf, QC,
Hudson Hope, BC,
Prince, ON,
Baie-du-Febvre, QC,
Durham-Sud, QC,
Melbourne, QC,
Nipawin, SK,
Duck Lake, SK,
Oyen, AB,
